grandma/grandma1.jpg,1
grandma/grandma10.jpg,1
grandma/grandma11.jpg,1
grandma/grandma12.jpg,1
grandma/grandma13.jpg,1
grandma/grandma14.jpg,1
grandma/grandma15.jpg,1
grandma/grandma16.jpg,1
grandma/grandma17.jpg,1
grandma/grandma18.jpg,1
grandma/grandma19.jpg,1
grandma/grandma2.jpg,1
grandma/grandma20.jpg,1
grandma/grandma21.jpg,1
grandma/grandma22.jpg,1
grandma/grandma23.jpg,1
grandma/grandma24.jpg,1
grandma/grandma25.jpg,1
grandma/grandma26.jpg,1
grandma/grandma27.jpg,1
grandma/grandma28.jpg,1
grandma/grandma29.jpg,1
grandma/grandma3.jpg,1
grandma/grandma30.jpg,1
grandma/grandma31.jpg,1
grandma/grandma32.jpg,1
grandma/grandma33.jpg,1
grandma/grandma34.jpg,1
grandma/grandma35.jpg,1
grandma/grandma36.jpg,1
grandma/grandma37.jpg,1
grandma/grandma38.jpg,1
grandma/grandma39.jpg,1
grandma/grandma4.jpg,1
grandma/grandma40.jpg,1
grandma/grandma41.jpg,1
grandma/grandma42.jpg,1
grandma/grandma43.jpg,1
grandma/grandma44.jpg,1
grandma/grandma45.jpg,1
grandma/grandma46.jpg,1
grandma/grandma47.jpg,1
grandma/grandma48.jpg,1
grandma/grandma49.jpg,1
grandma/grandma5.jpg,1
grandma/grandma50.jpg,1
grandma/grandma51.jpg,1
grandma/grandma52.jpg,1
grandma/grandma53.jpg,1
grandma/grandma54.jpg,1
grandma/grandma55.jpg,1
grandma/grandma56.jpg,1
grandma/grandma57.jpg,1
grandma/grandma58.jpg,1
grandma/grandma59.jpg,1
grandma/grandma6.jpg,1
grandma/grandma60.jpg,1
grandma/grandma61.jpg,1
grandma/grandma62.jpg,1
grandma/grandma63.jpg,1
grandma/grandma64.jpg,1
grandma/grandma65.jpg,1
grandma/grandma66.jpg,1
grandma/grandma67.jpg,1
grandma/grandma68.jpg,1
grandma/grandma69.jpg,1
grandma/grandma7.jpg,1
grandma/grandma70.jpg,1
grandma/grandma71.jpg,1
grandma/grandma72.jpg,1
grandma/grandma73.jpg,1
grandma/grandma74.jpg,1
grandma/grandma75.jpg,1
grandma/grandma76.jpg,1
grandma/grandma77.jpg,1
grandma/grandma78.jpg,1
grandma/grandma79.jpg,1
grandma/grandma8.jpg,1
grandma/grandma80.jpg,1
grandma/grandma81.jpg,1
grandma/grandma82.jpg,1
grandma/grandma83.jpg,1
grandma/grandma84.jpg,1
grandma/grandma85.jpg,1
grandma/grandma86.jpg,1
grandma/grandma87.jpg,1
grandma/grandma88.jpg,1
grandma/grandma89.jpg,1
grandma/grandma9.jpg,1
grandma/grandma90.jpg,1
grandma/grandma91.jpg,1
grandma/grandma92.jpg,1
grandma/grandma93.jpg,1
grandma/grandma94.jpg,1
grandma/grandma95.jpg,1
grandma/grandma96.jpg,1
grandpa/grandpa1.jpg,2
grandpa/grandpa10.jpg,2
grandpa/grandpa11.jpg,2
grandpa/grandpa12.jpg,2
grandpa/grandpa13.jpg,2
grandpa/grandpa14.jpg,2
grandpa/grandpa15.jpg,2
grandpa/grandpa16.jpg,2
grandpa/grandpa17.jpg,2
grandpa/grandpa18.jpg,2
grandpa/grandpa19.jpg,2
grandpa/grandpa2.jpg,2
grandpa/grandpa20.jpg,2
grandpa/grandpa21.jpg,2
grandpa/grandpa22.jpg,2
grandpa/grandpa23.jpg,2
grandpa/grandpa24.jpg,2
grandpa/grandpa25.jpg,2
grandpa/grandpa26.jpg,2
grandpa/grandpa27.jpg,2
grandpa/grandpa28.jpg,2
grandpa/grandpa29.jpg,2
grandpa/grandpa3.jpg,2
grandpa/grandpa30.jpg,2
grandpa/grandpa31.jpg,2
grandpa/grandpa32.jpg,2
grandpa/grandpa33.jpg,2
grandpa/grandpa34.jpg,2
grandpa/grandpa35.jpg,2
grandpa/grandpa36.jpg,2
grandpa/grandpa37.jpg,2
grandpa/grandpa38.jpg,2
grandpa/grandpa39.jpg,2
grandpa/grandpa4.jpg,2
grandpa/grandpa40.jpg,2
grandpa/grandpa41.jpg,2
grandpa/grandpa42.jpg,2
grandpa/grandpa43.jpg,2
grandpa/grandpa44.jpg,2
grandpa/grandpa45.jpg,2
grandpa/grandpa46.jpg,2
grandpa/grandpa47.jpg,2
grandpa/grandpa48.jpg,2
grandpa/grandpa49.jpg,2
grandpa/grandpa5.jpg,2
grandpa/grandpa50.jpg,2
grandpa/grandpa51.jpg,2
grandpa/grandpa52.jpg,2
grandpa/grandpa53.jpg,2
grandpa/grandpa54.jpg,2
grandpa/grandpa55.jpg,2
grandpa/grandpa56.jpg,2
grandpa/grandpa57.jpg,2
grandpa/grandpa58.jpg,2
grandpa/grandpa59.jpg,2
grandpa/grandpa6.jpg,2
grandpa/grandpa60.jpg,2
grandpa/grandpa61.jpg,2
grandpa/grandpa62.jpg,2
grandpa/grandpa63.jpg,2
grandpa/grandpa64.jpg,2
grandpa/grandpa65.jpg,2
grandpa/grandpa66.jpg,2
grandpa/grandpa67.jpg,2
grandpa/grandpa68.jpg,2
grandpa/grandpa69.jpg,2
grandpa/grandpa7.jpg,2
grandpa/grandpa70.jpg,2
grandpa/grandpa71.jpg,2
grandpa/grandpa72.jpg,2
grandpa/grandpa73.jpg,2
grandpa/grandpa74.jpg,2
grandpa/grandpa75.jpg,2
grandpa/grandpa76.jpg,2
grandpa/grandpa77.jpg,2
grandpa/grandpa78.jpg,2
grandpa/grandpa79.jpg,2
grandpa/grandpa8.jpg,2
grandpa/grandpa80.jpg,2
grandpa/grandpa81.jpg,2
grandpa/grandpa82.jpg,2
grandpa/grandpa83.jpg,2
grandpa/grandpa84.jpg,2
grandpa/grandpa85.jpg,2
grandpa/grandpa86.jpg,2
grandpa/grandpa87.jpg,2
grandpa/grandpa88.jpg,2
grandpa/grandpa89.jpg,2
grandpa/grandpa9.jpg,2
grandpa/grandpa90.jpg,2
grandpa/grandpa91.jpg,2
grandpa/grandpa92.jpg,2
grandpa/grandpa93.jpg,2
grandpa/grandpa94.jpg,2
grandpa/grandpa95.jpg,2
grandpa/grandpa96.jpg,2
mom/mom1.jpg,3
mom/mom10.jpg,3
mom/mom11.jpg,3
mom/mom12.jpg,3
mom/mom13.jpg,3
mom/mom14.jpg,3
mom/mom15.jpg,3
mom/mom16.jpg,3
mom/mom17.jpg,3
mom/mom18.jpg,3
mom/mom19.jpg,3
mom/mom2.jpg,3
mom/mom20.jpg,3
mom/mom21.jpg,3
mom/mom22.jpg,3
mom/mom23.jpg,3
mom/mom24.jpg,3
mom/mom25.jpg,3
mom/mom26.jpg,3
mom/mom27.jpg,3
mom/mom28.jpg,3
mom/mom29.jpg,3
mom/mom3.jpg,3
mom/mom30.jpg,3
mom/mom31.jpg,3
mom/mom32.jpg,3
mom/mom33.jpg,3
mom/mom34.jpg,3
mom/mom35.jpg,3
mom/mom36.jpg,3
mom/mom37.jpg,3
mom/mom38.jpg,3
mom/mom39.jpg,3
mom/mom4.jpg,3
mom/mom40.jpg,3
mom/mom41.jpg,3
mom/mom42.jpg,3
mom/mom43.jpg,3
mom/mom44.jpg,3
mom/mom45.jpg,3
mom/mom46.jpg,3
mom/mom47.jpg,3
mom/mom48.jpg,3
mom/mom49.jpg,3
mom/mom5.jpg,3
mom/mom50.jpg,3
mom/mom51.jpg,3
mom/mom52.jpg,3
mom/mom53.jpg,3
mom/mom54.jpg,3
mom/mom55.jpg,3
mom/mom56.jpg,3
mom/mom57.jpg,3
mom/mom58.jpg,3
mom/mom59.jpg,3
mom/mom6.jpg,3
mom/mom60.jpg,3
mom/mom61.jpg,3
mom/mom62.jpg,3
mom/mom63.jpg,3
mom/mom64.jpg,3
mom/mom65.jpg,3
mom/mom66.jpg,3
mom/mom67.jpg,3
mom/mom68.jpg,3
mom/mom69.jpg,3
mom/mom7.jpg,3
mom/mom70.jpg,3
mom/mom71.jpg,3
mom/mom72.jpg,3
mom/mom73.jpg,3
mom/mom74.jpg,3
mom/mom75.jpg,3
mom/mom76.jpg,3
mom/mom77.jpg,3
mom/mom78.jpg,3
mom/mom79.jpg,3
mom/mom8.jpg,3
mom/mom80.jpg,3
mom/mom81.jpg,3
mom/mom82.jpg,3
mom/mom83.jpg,3
mom/mom84.jpg,3
mom/mom85.jpg,3
mom/mom86.jpg,3
mom/mom87.jpg,3
mom/mom88.jpg,3
mom/mom89.jpg,3
mom/mom9.jpg,3
mom/mom90.jpg,3
mom/mom91.jpg,3
mom/mom92.jpg,3
mom/mom93.jpg,3
mom/mom94.jpg,3
mom/mom95.jpg,3
mom/mom96.jpg,3
vincent/vincent1.jpg,0
vincent/vincent10.jpg,0
vincent/vincent11.jpg,0
vincent/vincent12.jpg,0
vincent/vincent13.jpg,0
vincent/vincent14.jpg,0
vincent/vincent15.jpg,0
vincent/vincent16.jpg,0
vincent/vincent17.jpg,0
vincent/vincent18.jpg,0
vincent/vincent19.jpg,0
vincent/vincent2.jpg,0
vincent/vincent20.jpg,0
vincent/vincent21.jpg,0
vincent/vincent22.jpg,0
vincent/vincent23.jpg,0
vincent/vincent24.jpg,0
vincent/vincent25.jpg,0
vincent/vincent26.jpg,0
vincent/vincent27.jpg,0
vincent/vincent28.jpg,0
vincent/vincent29.jpg,0
vincent/vincent3.jpg,0
vincent/vincent30.jpg,0
vincent/vincent31.jpg,0
vincent/vincent32.jpg,0
vincent/vincent33.jpg,0
vincent/vincent34.jpg,0
vincent/vincent35.jpg,0
vincent/vincent36.jpg,0
vincent/vincent37.jpg,0
vincent/vincent38.jpg,0
vincent/vincent39.jpg,0
vincent/vincent4.jpg,0
vincent/vincent40.jpg,0
vincent/vincent41.jpg,0
vincent/vincent42.jpg,0
vincent/vincent43.jpg,0
vincent/vincent44.jpg,0
vincent/vincent45.jpg,0
vincent/vincent46.jpg,0
vincent/vincent47.jpg,0
vincent/vincent48.jpg,0
vincent/vincent49.jpg,0
vincent/vincent5.jpg,0
vincent/vincent50.jpg,0
vincent/vincent51.jpg,0
vincent/vincent52.jpg,0
vincent/vincent53.jpg,0
vincent/vincent54.jpg,0
vincent/vincent55.jpg,0
vincent/vincent56.jpg,0
vincent/vincent57.jpg,0
vincent/vincent58.jpg,0
vincent/vincent59.jpg,0
vincent/vincent6.jpg,0
vincent/vincent60.jpg,0
vincent/vincent61.jpg,0
vincent/vincent62.jpg,0
vincent/vincent63.jpg,0
vincent/vincent64.jpg,0
vincent/vincent65.jpg,0
vincent/vincent66.jpg,0
vincent/vincent67.jpg,0
vincent/vincent68.jpg,0
vincent/vincent69.jpg,0
vincent/vincent7.jpg,0
vincent/vincent70.jpg,0
vincent/vincent71.jpg,0
vincent/vincent72.jpg,0
vincent/vincent73.jpg,0
vincent/vincent74.jpg,0
vincent/vincent75.jpg,0
vincent/vincent76.jpg,0
vincent/vincent77.jpg,0
vincent/vincent78.jpg,0
vincent/vincent79.jpg,0
vincent/vincent8.jpg,0
vincent/vincent80.jpg,0
vincent/vincent81.jpg,0
vincent/vincent82.jpg,0
vincent/vincent83.jpg,0
vincent/vincent84.jpg,0
vincent/vincent85.jpg,0
vincent/vincent86.jpg,0
vincent/vincent87.jpg,0
vincent/vincent88.jpg,0
vincent/vincent89.jpg,0
vincent/vincent9.jpg,0
vincent/vincent90.jpg,0
vincent/vincent91.jpg,0
vincent/vincent92.jpg,0
vincent/vincent93.jpg,0
vincent/vincent94.jpg,0
vincent/vincent95.jpg,0
vincent/vincent96.jpg,0
